Slug,Page_URL,Location_Name,Location_Class,Region,Image_Tier,Image_Filename,Alt_Layer1_Geo,Alt_Layer2_Rendered_Template,Image_License,Image_Attribution,Wikidata_QID,Asset_Status
areas,/areas,Manitoba,HUB,Manitoba,region,manitoba-areas-hub-mb.webp,Manitoba — from Red River Valley farmland to Canadian Shield lake country,"{SERVICE_CATEGORY} in Manitoba, Manitoba — Manitoba — from Red River Valley farmland to Canadian Shield lake country",{IMAGE_LICENSE_TODO},{IMAGE_ASSET_TODO},Q1948,PENDING-SOURCE
central-plains,/areas/region/central-plains,Central Plains,REGION,Manitoba,region,central-plains-region-mb.webp,"Central Plains region, Manitoba — table-flat Portage plains between the Assiniboine River and Lake Manitoba","{SERVICE_CATEGORY} in Central Plains, Manitoba — Central Plains region, Manitoba — table-flat Portage plains between the Assiniboine River and Lake Manitoba",{IMAGE_LICENSE_TODO},{IMAGE_ASSET_TODO},,PENDING-SOURCE
eastman,/areas/region/eastman,Eastman,REGION,Manitoba,region,eastman-region-mb.webp,"Eastman region, Manitoba — transition from Red River farmland to Canadian Shield granite along the Winnipeg River","{SERVICE_CATEGORY} in Eastman, Manitoba — Eastman region, Manitoba — transition from Red River farmland to Canadian Shield granite along the Winnipeg River",{IMAGE_LICENSE_TODO},{IMAGE_ASSET_TODO},,PENDING-SOURCE
interlake,/areas/region/interlake,Interlake,REGION,Manitoba,region,interlake-region-mb.webp,"Interlake region, Manitoba — limestone lowland between Lake Winnipeg and Lake Manitoba","{SERVICE_CATEGORY} in Interlake, Manitoba — Interlake region, Manitoba — limestone lowland between Lake Winnipeg and Lake Manitoba",{IMAGE_LICENSE_TODO},{IMAGE_ASSET_TODO},,PENDING-SOURCE
northern-manitoba,/areas/region/northern-manitoba,Northern Manitoba,REGION,Manitoba,region,northern-manitoba-region-mb.webp,Northern Manitoba — Canadian Shield lakes and boreal forest draining toward the Nelson River,"{SERVICE_CATEGORY} in Northern Manitoba, Manitoba — Northern Manitoba — Canadian Shield lakes and boreal forest draining toward the Nelson River",{IMAGE_LICENSE_TODO},{IMAGE_ASSET_TODO},,PENDING-SOURCE
parkland,/areas/region/parkland,Parkland,REGION,Manitoba,region,parkland-region-mb.webp,"Parkland region, Manitoba — aspen parkland rising toward Duck Mountain, the province's highest ground","{SERVICE_CATEGORY} in Parkland, Manitoba — Parkland region, Manitoba — aspen parkland rising toward Duck Mountain, the province's highest ground",{IMAGE_LICENSE_TODO},{IMAGE_ASSET_TODO},,PENDING-SOURCE
pembina-valley,/areas/region/pembina-valley,Pembina Valley,REGION,Manitoba,region,pembina-valley-region-mb.webp,"Pembina Valley region, Manitoba — Red River Valley farmland rising to the Manitou Escarpment","{SERVICE_CATEGORY} in Pembina Valley, Manitoba — Pembina Valley region, Manitoba — Red River Valley farmland rising to the Manitou Escarpment",{IMAGE_LICENSE_TODO},{IMAGE_ASSET_TODO},,PENDING-SOURCE
westman,/areas/region/westman,Westman,REGION,Manitoba,region,westman-region-mb.webp,"Westman region, Manitoba — the Assiniboine River valley cutting through rolling southwestern prairie","{SERVICE_CATEGORY} in Westman, Manitoba — Westman region, Manitoba — the Assiniboine River valley cutting through rolling southwestern prairie",{IMAGE_LICENSE_TODO},{IMAGE_ASSET_TODO},,PENDING-SOURCE
winnipeg-metro,/areas/region/winnipeg-metro,Winnipeg Metro,REGION,Manitoba,region,winnipeg-metro-region-mb.webp,"Winnipeg Metro Region, Manitoba — Red and Assiniboine rivers meeting at The Forks on the Lake Agassiz clay plain","{SERVICE_CATEGORY} in Winnipeg Metro, Manitoba — Winnipeg Metro Region, Manitoba — Red and Assiniboine rivers meeting at The Forks on the Lake Agassiz clay plain",{IMAGE_LICENSE_TODO},{IMAGE_ASSET_TODO},,PENDING-SOURCE
cartier,/areas/cartier,Cartier,CSD,Central Plains,region,cartier-central-plains-mb.webp,"Cartier, Central Plains Manitoba — open grain plains along the Trans-Canada Highway west of Winnipeg","{SERVICE_CATEGORY} in Cartier, Manitoba — Cartier, Central Plains Manitoba — open grain plains along the Trans-Canada Highway west of Winnipeg",{IMAGE_LICENSE_TODO},{IMAGE_ASSET_TODO},,PENDING-SOURCE
grey,/areas/grey,Grey,CSD,Central Plains,region,grey-central-plains-mb.webp,"RM of Grey, Central Plains Manitoba — fertile south-central plains at Elm Creek and francophone St. Claude","{SERVICE_CATEGORY} in Grey, Manitoba — RM of Grey, Central Plains Manitoba — fertile south-central plains at Elm Creek and francophone St. Claude",{IMAGE_LICENSE_TODO},{IMAGE_ASSET_TODO},,PENDING-SOURCE
la-salle,/areas/la-salle,La Salle,COMMUNITY,Central Plains,region,la-salle-central-plains-mb.webp,"La Salle, Central Plains Manitoba — growing La Salle River community on Winnipeg's southwest gumbo-clay edge","{SERVICE_CATEGORY} in La Salle, Manitoba — La Salle, Central Plains Manitoba — growing La Salle River community on Winnipeg's southwest gumbo-clay edge",{IMAGE_LICENSE_TODO},{IMAGE_ASSET_TODO},,PENDING-SOURCE
long-plain-6,/areas/long-plain-6,Long Plain,CSD,Central Plains,region,long-plain-6-central-plains-mb.webp,"Long Plain, Central Plains Manitoba — Anishinaabe First Nation on the Assiniboine-country plains near Portage la Prairie","{SERVICE_CATEGORY} in Long Plain, Manitoba — Long Plain, Central Plains Manitoba — Anishinaabe First Nation on the Assiniboine-country plains near Portage la Prairie",{IMAGE_LICENSE_TODO},{IMAGE_ASSET_TODO},,PENDING-SOURCE
macdonald,/areas/macdonald,Macdonald,CSD,Central Plains,region,macdonald-central-plains-mb.webp,"Macdonald, Central Plains Manitoba — La Salle River winding through Red River Valley farmland","{SERVICE_CATEGORY} in Macdonald, Manitoba — Macdonald, Central Plains Manitoba — La Salle River winding through Red River Valley farmland",{IMAGE_LICENSE_TODO},{IMAGE_ASSET_TODO},,PENDING-SOURCE
north-norfolk,/areas/north-norfolk,North Norfolk,CSD,Central Plains,region,north-norfolk-central-plains-mb.webp,"RM of North Norfolk, Central Plains Manitoba — table-flat Trans-Canada plains farmland at MacGregor and Austin","{SERVICE_CATEGORY} in North Norfolk, Manitoba — RM of North Norfolk, Central Plains Manitoba — table-flat Trans-Canada plains farmland at MacGregor and Austin",{IMAGE_LICENSE_TODO},{IMAGE_ASSET_TODO},,PENDING-SOURCE
oak-bluff,/areas/oak-bluff,Oak Bluff,COMMUNITY,Central Plains,region,oak-bluff-central-plains-mb.webp,"Oak Bluff, Central Plains Manitoba — estate-lot community on Winnipeg's southwest gumbo-clay doorstep","{SERVICE_CATEGORY} in Oak Bluff, Manitoba — Oak Bluff, Central Plains Manitoba — estate-lot community on Winnipeg's southwest gumbo-clay doorstep",{IMAGE_LICENSE_TODO},{IMAGE_ASSET_TODO},,PENDING-SOURCE
portage-la-prairie,/areas/portage-la-prairie,Portage la Prairie,CSD,Central Plains,region,portage-la-prairie-central-plains-mb.webp,"Portage la Prairie, Central Plains Manitoba — Crescent Lake oxbow curving around Island Park","{SERVICE_CATEGORY} in Portage la Prairie, Manitoba — Portage la Prairie, Central Plains Manitoba — Crescent Lake oxbow curving around Island Park",{IMAGE_LICENSE_TODO},{IMAGE_ASSET_TODO},,PENDING-SOURCE
portage-la-prairie-rm,/areas/portage-la-prairie-rm,Portage la Prairie,CSD,Central Plains,region,portage-la-prairie-rm-central-plains-mb.webp,"Portage la Prairie RM, Central Plains Manitoba — stone-free Portage plains farmland between the Assiniboine River and Lake Manitoba","{SERVICE_CATEGORY} in Portage la Prairie, Manitoba — Portage la Prairie RM, Central Plains Manitoba — stone-free Portage plains farmland between the Assiniboine River and Lake Manitoba",{IMAGE_LICENSE_TODO},{IMAGE_ASSET_TODO},,PENDING-SOURCE
sandy-bay-5,/areas/sandy-bay-5,Sandy Bay,CSD,Central Plains,region,sandy-bay-5-central-plains-mb.webp,"Sandy Bay, Central Plains Manitoba — First Nation community on the low-lying south shore of Lake Manitoba","{SERVICE_CATEGORY} in Sandy Bay, Manitoba — Sandy Bay, Central Plains Manitoba — First Nation community on the low-lying south shore of Lake Manitoba",{IMAGE_LICENSE_TODO},{IMAGE_ASSET_TODO},,PENDING-SOURCE
st-francois-xavier,/areas/st-francois-xavier,St. François Xavier,CSD,Central Plains,region,st-francois-xavier-central-plains-mb.webp,"St. François Xavier, Central Plains Manitoba — White Horse Plain river-lot country on the Assiniboine west of Winnipeg","{SERVICE_CATEGORY} in St. François Xavier, Manitoba — St. François Xavier, Central Plains Manitoba — White Horse Plain river-lot country on the Assiniboine west of Winnipeg",{IMAGE_LICENSE_TODO},{IMAGE_ASSET_TODO},,PENDING-SOURCE
victoria,/areas/victoria,Victoria,CSD,Central Plains,region,victoria-central-plains-mb.webp,"RM of Victoria, Central Plains Manitoba — grain plains south of the Assiniboine toward the Spruce Woods sandhills at Holland","{SERVICE_CATEGORY} in Victoria, Manitoba — RM of Victoria, Central Plains Manitoba — grain plains south of the Assiniboine toward the Spruce Woods sandhills at Holland",{IMAGE_LICENSE_TODO},{IMAGE_ASSET_TODO},,PENDING-SOURCE
alexander,/areas/alexander,Alexander,CSD,Eastman,region,alexander-eastman-mb.webp,"RM of Alexander, Eastman Manitoba — lower Winnipeg River hydro-and-cottage country on the Canadian Shield","{SERVICE_CATEGORY} in Alexander, Manitoba — RM of Alexander, Eastman Manitoba — lower Winnipeg River hydro-and-cottage country on the Canadian Shield",{IMAGE_LICENSE_TODO},{IMAGE_ASSET_TODO},,PENDING-SOURCE
beausejour,/areas/beausejour,Beausejour,CSD,Eastman,region,beausejour-eastman-mb.webp,"Beausejour, Eastman Manitoba — service town of the Tyndall stone quarry country northeast of Winnipeg","{SERVICE_CATEGORY} in Beausejour, Manitoba — Beausejour, Eastman Manitoba — service town of the Tyndall stone quarry country northeast of Winnipeg",{IMAGE_LICENSE_TODO},{IMAGE_ASSET_TODO},,PENDING-SOURCE
blumenort,/areas/blumenort,Blumenort,COMMUNITY,Eastman,region,blumenort-eastman-mb.webp,"Blumenort, Eastman Manitoba — growing Mennonite community north of Steinbach on well-drained ground","{SERVICE_CATEGORY} in Blumenort, Manitoba — Blumenort, Eastman Manitoba — growing Mennonite community north of Steinbach on well-drained ground",{IMAGE_LICENSE_TODO},{IMAGE_ASSET_TODO},,PENDING-SOURCE
brokenhead,/areas/brokenhead,Brokenhead,CSD,Eastman,region,brokenhead-eastman-mb.webp,"RM of Brokenhead, Eastman Manitoba — Tyndall stone quarry country around Beausejour on shallow limestone","{SERVICE_CATEGORY} in Brokenhead, Manitoba — RM of Brokenhead, Eastman Manitoba — Tyndall stone quarry country around Beausejour on shallow limestone",{IMAGE_LICENSE_TODO},{IMAGE_ASSET_TODO},,PENDING-SOURCE
de-salaberry,/areas/de-salaberry,De Salaberry,CSD,Eastman,region,de-salaberry-eastman-mb.webp,"RM of De Salaberry, Eastman Manitoba — francophone Rat River farming and lakeside country around St. Malo","{SERVICE_CATEGORY} in De Salaberry, Manitoba — RM of De Salaberry, Eastman Manitoba — francophone Rat River farming and lakeside country around St. Malo",{IMAGE_LICENSE_TODO},{IMAGE_ASSET_TODO},,PENDING-SOURCE
grunthal,/areas/grunthal,Grunthal,COMMUNITY,Eastman,region,grunthal-eastman-mb.webp,"Grunthal, Eastman Manitoba — Mennonite agricultural community south of Steinbach on well-drained ground","{SERVICE_CATEGORY} in Grunthal, Manitoba — Grunthal, Eastman Manitoba — Mennonite agricultural community south of Steinbach on well-drained ground",{IMAGE_LICENSE_TODO},{IMAGE_ASSET_TODO},,PENDING-SOURCE
hanover,/areas/hanover,Hanover,CSD,Eastman,region,hanover-eastman-mb.webp,"RM of Hanover, Eastman Manitoba — Mennonite dairy-belt farmland surrounding Steinbach","{SERVICE_CATEGORY} in Hanover, Manitoba — RM of Hanover, Eastman Manitoba — Mennonite dairy-belt farmland surrounding Steinbach",{IMAGE_LICENSE_TODO},{IMAGE_ASSET_TODO},,PENDING-SOURCE
ile-des-chenes,/areas/ile-des-chenes,Île des Chênes,COMMUNITY,Eastman,region,ile-des-chenes-eastman-mb.webp,"Île-des-Chênes, Eastman Manitoba — francophone Red River Valley community south of Winnipeg on gumbo clay","{SERVICE_CATEGORY} in Île des Chênes, Manitoba — Île-des-Chênes, Eastman Manitoba — francophone Red River Valley community south of Winnipeg on gumbo clay",{IMAGE_LICENSE_TODO},{IMAGE_ASSET_TODO},,PENDING-SOURCE
la-broquerie,/areas/la-broquerie,La Broquerie,CSD,Eastman,region,la-broquerie-eastman-mb.webp,"RM of La Broquerie, Eastman Manitoba — francophone dairy country on sandy forest-edge ground toward the Sandilands","{SERVICE_CATEGORY} in La Broquerie, Manitoba — RM of La Broquerie, Eastman Manitoba — francophone dairy country on sandy forest-edge ground toward the Sandilands",{IMAGE_LICENSE_TODO},{IMAGE_ASSET_TODO},,PENDING-SOURCE
lac-du-bonnet-rm,/areas/lac-du-bonnet-rm,Lac du Bonnet,CSD,Eastman,region,lac-du-bonnet-rm-eastman-mb.webp,"RM of Lac du Bonnet, Eastman Manitoba — Winnipeg River cottage country at the edge of the Canadian Shield","{SERVICE_CATEGORY} in Lac du Bonnet, Manitoba — RM of Lac du Bonnet, Eastman Manitoba — Winnipeg River cottage country at the edge of the Canadian Shield",{IMAGE_LICENSE_TODO},{IMAGE_ASSET_TODO},,PENDING-SOURCE
lac-du-bonnet,/areas/lac-du-bonnet,Lac du Bonnet,CSD,Eastman,region,lac-du-bonnet-eastman-mb.webp,"Town of Lac du Bonnet, Eastman Manitoba — Winnipeg River service town at the edge of the Canadian Shield","{SERVICE_CATEGORY} in Lac du Bonnet, Manitoba — Town of Lac du Bonnet, Eastman Manitoba — Winnipeg River service town at the edge of the Canadian Shield",{IMAGE_LICENSE_TODO},{IMAGE_ASSET_TODO},,PENDING-SOURCE
landmark,/areas/landmark,Landmark,COMMUNITY,Eastman,region,landmark-eastman-mb.webp,"Landmark, Eastman Manitoba — growing Mennonite family community in Taché on well-drained ground east of Winnipeg","{SERVICE_CATEGORY} in Landmark, Manitoba — Landmark, Eastman Manitoba — growing Mennonite family community in Taché on well-drained ground east of Winnipeg",{IMAGE_LICENSE_TODO},{IMAGE_ASSET_TODO},,PENDING-SOURCE
lorette,/areas/lorette,Lorette,COMMUNITY,Eastman,region,lorette-eastman-mb.webp,"Lorette, Eastman Manitoba — francophone Seine River commuter community east of Winnipeg","{SERVICE_CATEGORY} in Lorette, Manitoba — Lorette, Eastman Manitoba — francophone Seine River commuter community east of Winnipeg",{IMAGE_LICENSE_TODO},{IMAGE_ASSET_TODO},,PENDING-SOURCE
mitchell,/areas/mitchell,Mitchell,COMMUNITY,Eastman,region,mitchell-eastman-mb.webp,"Mitchell, Eastman Manitoba — growing Hanover community beside Steinbach on well-drained ground","{SERVICE_CATEGORY} in Mitchell, Manitoba — Mitchell, Eastman Manitoba — growing Hanover community beside Steinbach on well-drained ground",{IMAGE_LICENSE_TODO},{IMAGE_ASSET_TODO},,PENDING-SOURCE
niverville,/areas/niverville,Niverville,CSD,Eastman,region,niverville-eastman-mb.webp,"Niverville, Eastman Manitoba — one of Canada's fastest-growing towns on the Red River Valley plain south of Winnipeg","{SERVICE_CATEGORY} in Niverville, Manitoba — Niverville, Eastman Manitoba — one of Canada's fastest-growing towns on the Red River Valley plain south of Winnipeg",{IMAGE_LICENSE_TODO},{IMAGE_ASSET_TODO},,PENDING-SOURCE
oakbank,/areas/oakbank,Oakbank,COMMUNITY,Eastman,region,oakbank-eastman-mb.webp,"Oakbank, Eastman Manitoba — growing commuter community on Winnipeg's eastern edge in the RM of Springfield","{SERVICE_CATEGORY} in Oakbank, Manitoba — Oakbank, Eastman Manitoba — growing commuter community on Winnipeg's eastern edge in the RM of Springfield",{IMAGE_LICENSE_TODO},{IMAGE_ASSET_TODO},,PENDING-SOURCE
pinawa,/areas/pinawa,Pinawa,CSD,Eastman,region,pinawa-eastman-mb.webp,"Pinawa, Eastman Manitoba — planned Whiteshell science town on the Winnipeg River at the Canadian Shield's edge","{SERVICE_CATEGORY} in Pinawa, Manitoba — Pinawa, Eastman Manitoba — planned Whiteshell science town on the Winnipeg River at the Canadian Shield's edge",{IMAGE_LICENSE_TODO},{IMAGE_ASSET_TODO},,PENDING-SOURCE
piney,/areas/piney,Piney,CSD,Eastman,region,piney-eastman-mb.webp,"RM of Piney, Eastman Manitoba — Sandilands forest and sandy farm country in the far southeast corner","{SERVICE_CATEGORY} in Piney, Manitoba — RM of Piney, Eastman Manitoba — Sandilands forest and sandy farm country in the far southeast corner",{IMAGE_LICENSE_TODO},{IMAGE_ASSET_TODO},,PENDING-SOURCE
powerview-pine-falls,/areas/powerview-pine-falls,Powerview-Pine Falls,CSD,Eastman,region,powerview-pine-falls-eastman-mb.webp,"Powerview-Pine Falls, Eastman Manitoba — lower Winnipeg River mill-and-hydro town near Lake Winnipeg","{SERVICE_CATEGORY} in Powerview-Pine Falls, Manitoba — Powerview-Pine Falls, Eastman Manitoba — lower Winnipeg River mill-and-hydro town near Lake Winnipeg",{IMAGE_LICENSE_TODO},{IMAGE_ASSET_TODO},,PENDING-SOURCE
reynolds,/areas/reynolds,Reynolds,CSD,Eastman,region,reynolds-eastman-mb.webp,"RM of Reynolds, Eastman Manitoba — Sandilands forest and sandy farm country along the eastern Trans-Canada","{SERVICE_CATEGORY} in Reynolds, Manitoba — RM of Reynolds, Eastman Manitoba — Sandilands forest and sandy farm country along the eastern Trans-Canada",{IMAGE_LICENSE_TODO},{IMAGE_ASSET_TODO},,PENDING-SOURCE
ritchot,/areas/ritchot,Ritchot,CSD,Eastman,region,ritchot-eastman-mb.webp,"RM of Ritchot, Eastman Manitoba — ring-diked Red River communities on the floodplain south of Winnipeg","{SERVICE_CATEGORY} in Ritchot, Manitoba — RM of Ritchot, Eastman Manitoba — ring-diked Red River communities on the floodplain south of Winnipeg",{IMAGE_LICENSE_TODO},{IMAGE_ASSET_TODO},,PENDING-SOURCE
fort-alexander-3,/areas/fort-alexander-3,Sagkeeng (Fort Alexander),CSD,Eastman,region,fort-alexander-3-eastman-mb.webp,"Sagkeeng (Fort Alexander), Eastman Manitoba — Anishinaabe community at the mouth of the Winnipeg River on Lake Winnipeg","{SERVICE_CATEGORY} in Sagkeeng (Fort Alexander), Manitoba — Sagkeeng (Fort Alexander), Eastman Manitoba — Anishinaabe community at the mouth of the Winnipeg River on Lake Winnipeg",{IMAGE_LICENSE_TODO},{IMAGE_ASSET_TODO},,PENDING-SOURCE
springfield,/areas/springfield,Springfield,CSD,Eastman,region,springfield-eastman-mb.webp,"RM of Springfield, Eastman Manitoba — commuter and rural-residential country on Winnipeg's eastern boundary","{SERVICE_CATEGORY} in Springfield, Manitoba — RM of Springfield, Eastman Manitoba — commuter and rural-residential country on Winnipeg's eastern boundary",{IMAGE_LICENSE_TODO},{IMAGE_ASSET_TODO},,PENDING-SOURCE
st-pierre-jolys,/areas/st-pierre-jolys,St-Pierre-Jolys,CSD,Eastman,region,st-pierre-jolys-eastman-mb.webp,"St-Pierre-Jolys, Eastman Manitoba — francophone Rat River village in southeastern Manitoba","{SERVICE_CATEGORY} in St-Pierre-Jolys, Manitoba — St-Pierre-Jolys, Eastman Manitoba — francophone Rat River village in southeastern Manitoba",{IMAGE_LICENSE_TODO},{IMAGE_ASSET_TODO},,PENDING-SOURCE
st-adolphe,/areas/st-adolphe,St. Adolphe,COMMUNITY,Eastman,region,st-adolphe-eastman-mb.webp,"St. Adolphe, Eastman Manitoba — ring-diked francophone Red River community on the floodplain south of Winnipeg","{SERVICE_CATEGORY} in St. Adolphe, Manitoba — St. Adolphe, Eastman Manitoba — ring-diked francophone Red River community on the floodplain south of Winnipeg",{IMAGE_LICENSE_TODO},{IMAGE_ASSET_TODO},,PENDING-SOURCE
st-malo,/areas/st-malo,St. Malo,COMMUNITY,Eastman,region,st-malo-eastman-mb.webp,"St. Malo, Eastman Manitoba — francophone community by St. Malo Provincial Park on the Rat River","{SERVICE_CATEGORY} in St. Malo, Manitoba — St. Malo, Eastman Manitoba — francophone community by St. Malo Provincial Park on the Rat River",{IMAGE_LICENSE_TODO},{IMAGE_ASSET_TODO},,PENDING-SOURCE
ste-anne-rm,/areas/ste-anne-rm,Ste. Anne,CSD,Eastman,region,ste-anne-rm-eastman-mb.webp,"RM of Ste. Anne, Eastman Manitoba — francophone Dawson Trail farming country on the Seine River east of Winnipeg","{SERVICE_CATEGORY} in Ste. Anne, Manitoba — RM of Ste. Anne, Eastman Manitoba — francophone Dawson Trail farming country on the Seine River east of Winnipeg",{IMAGE_LICENSE_TODO},{IMAGE_ASSET_TODO},,PENDING-SOURCE
ste-anne,/areas/ste-anne,Ste. Anne,CSD,Eastman,region,ste-anne-eastman-mb.webp,"Ste. Anne, Eastman Manitoba — fast-growing francophone Dawson Trail town on the Seine River east of Winnipeg","{SERVICE_CATEGORY} in Ste. Anne, Manitoba — Ste. Anne, Eastman Manitoba — fast-growing francophone Dawson Trail town on the Seine River east of Winnipeg",{IMAGE_LICENSE_TODO},{IMAGE_ASSET_TODO},,PENDING-SOURCE
steinbach,/areas/steinbach,Steinbach,CSD,Eastman,region,steinbach-eastman-mb.webp,"Steinbach, Eastman Manitoba — the province's third-largest city on well-drained ground east of the Red River Valley","{SERVICE_CATEGORY} in Steinbach, Manitoba — Steinbach, Eastman Manitoba — the province's third-largest city on well-drained ground east of the Red River Valley",{IMAGE_LICENSE_TODO},{IMAGE_ASSET_TODO},,PENDING-SOURCE
stuartburn,/areas/stuartburn,Stuartburn,CSD,Eastman,region,stuartburn-eastman-mb.webp,"RM of Stuartburn, Eastman Manitoba — Ukrainian-heritage farm country on sandy ground in the far southeast at Vita and Gardenton","{SERVICE_CATEGORY} in Stuartburn, Manitoba — RM of Stuartburn, Eastman Manitoba — Ukrainian-heritage farm country on sandy ground in the far southeast at Vita and Gardenton",{IMAGE_LICENSE_TODO},{IMAGE_ASSET_TODO},,PENDING-SOURCE
tache,/areas/tache,Taché,CSD,Eastman,region,tache-eastman-mb.webp,"RM of Taché, Eastman Manitoba — Seine River commuter and farming country east of Winnipeg at Lorette and Landmark","{SERVICE_CATEGORY} in Taché, Manitoba — RM of Taché, Eastman Manitoba — Seine River commuter and farming country east of Winnipeg at Lorette and Landmark",{IMAGE_LICENSE_TODO},{IMAGE_ASSET_TODO},,PENDING-SOURCE
tyndall,/areas/tyndall,Tyndall,COMMUNITY,Eastman,region,tyndall-eastman-mb.webp,"Tyndall, Eastman Manitoba — quarry community that names Tyndall stone, on shallow limestone northeast of Winnipeg","{SERVICE_CATEGORY} in Tyndall, Manitoba — Tyndall, Eastman Manitoba — quarry community that names Tyndall stone, on shallow limestone northeast of Winnipeg",{IMAGE_LICENSE_TODO},{IMAGE_ASSET_TODO},,PENDING-SOURCE
victoria-beach,/areas/victoria-beach,Victoria Beach,CSD,Eastman,region,victoria-beach-eastman-mb.webp,"Victoria Beach, Eastman Manitoba — Lake Winnipeg southeast-shore cottage community with its car-free summer village","{SERVICE_CATEGORY} in Victoria Beach, Manitoba — Victoria Beach, Eastman Manitoba — Lake Winnipeg southeast-shore cottage community with its car-free summer village",{IMAGE_LICENSE_TODO},{IMAGE_ASSET_TODO},,PENDING-SOURCE
whitemouth,/areas/whitemouth,Whitemouth,CSD,Eastman,region,whitemouth-eastman-mb.webp,"RM of Whitemouth, Eastman Manitoba — Whitemouth River farm-and-forest country on the boreal Shield edge","{SERVICE_CATEGORY} in Whitemouth, Manitoba — RM of Whitemouth, Eastman Manitoba — Whitemouth River farm-and-forest country on the boreal Shield edge",{IMAGE_LICENSE_TODO},{IMAGE_ASSET_TODO},,PENDING-SOURCE
arborg,/areas/arborg,Arborg,CSD,Interlake,region,arborg-interlake-mb.webp,"Arborg, Interlake Manitoba — north-Interlake farm-service town on the Icelandic River","{SERVICE_CATEGORY} in Arborg, Manitoba — Arborg, Interlake Manitoba — north-Interlake farm-service town on the Icelandic River",{IMAGE_LICENSE_TODO},{IMAGE_ASSET_TODO},,PENDING-SOURCE
armstrong,/areas/armstrong,Armstrong,CSD,Interlake,region,armstrong-interlake-mb.webp,"RM of Armstrong, Interlake Manitoba — central-Interlake limestone-plain farm country at Inwood and Narcisse","{SERVICE_CATEGORY} in Armstrong, Manitoba — RM of Armstrong, Interlake Manitoba — central-Interlake limestone-plain farm country at Inwood and Narcisse",{IMAGE_LICENSE_TODO},{IMAGE_ASSET_TODO},,PENDING-SOURCE
coldwell,/areas/coldwell,Coldwell,CSD,Interlake,region,coldwell-interlake-mb.webp,"RM of Coldwell, Interlake Manitoba — Lundar and the Lake Manitoba east-shore farm-and-lakeshore country","{SERVICE_CATEGORY} in Coldwell, Manitoba — RM of Coldwell, Interlake Manitoba — Lundar and the Lake Manitoba east-shore farm-and-lakeshore country",{IMAGE_LICENSE_TODO},{IMAGE_ASSET_TODO},,PENDING-SOURCE
dunnottar,/areas/dunnottar,Dunnottar,CSD,Interlake,region,dunnottar-interlake-mb.webp,"Dunnottar, Interlake Manitoba — Lake Winnipeg west-shore beach village at Whytewold, Matlock, and Ponemah","{SERVICE_CATEGORY} in Dunnottar, Manitoba — Dunnottar, Interlake Manitoba — Lake Winnipeg west-shore beach village at Whytewold, Matlock, and Ponemah",{IMAGE_LICENSE_TODO},{IMAGE_ASSET_TODO},,PENDING-SOURCE
east-st-paul,/areas/east-st-paul,East St. Paul,CSD,Interlake,region,east-st-paul-interlake-mb.webp,"RM of East St. Paul, Interlake Manitoba — estate-lot municipality on Winnipeg's northeast edge on the Red River","{SERVICE_CATEGORY} in East St. Paul, Manitoba — RM of East St. Paul, Interlake Manitoba — estate-lot municipality on Winnipeg's northeast edge on the Red River",{IMAGE_LICENSE_TODO},{IMAGE_ASSET_TODO},,PENDING-SOURCE
fisher,/areas/fisher,Fisher,CSD,Interlake,region,fisher-interlake-mb.webp,"RM of Fisher, Interlake Manitoba — northern-Interlake farm country around Fisher Branch near the Fisher River","{SERVICE_CATEGORY} in Fisher, Manitoba — RM of Fisher, Interlake Manitoba — northern-Interlake farm country around Fisher Branch near the Fisher River",{IMAGE_LICENSE_TODO},{IMAGE_ASSET_TODO},,PENDING-SOURCE
gimli,/areas/gimli,Gimli,CSD,Interlake,region,gimli-interlake-mb.webp,"RM of Gimli, Interlake Manitoba — New Iceland fishing-and-cottage town on Lake Winnipeg's west shore","{SERVICE_CATEGORY} in Gimli, Manitoba — RM of Gimli, Interlake Manitoba — New Iceland fishing-and-cottage town on Lake Winnipeg's west shore",{IMAGE_LICENSE_TODO},{IMAGE_ASSET_TODO},,PENDING-SOURCE
grahamdale,/areas/grahamdale,Grahamdale,CSD,Interlake,region,grahamdale-interlake-mb.webp,"RM of Grahamdale, Interlake Manitoba — remote cattle country between Lake Manitoba and Lake Winnipeg at Moosehorn and Gypsumville","{SERVICE_CATEGORY} in Grahamdale, Manitoba — RM of Grahamdale, Interlake Manitoba — remote cattle country between Lake Manitoba and Lake Winnipeg at Moosehorn and Gypsumville",{IMAGE_LICENSE_TODO},{IMAGE_ASSET_TODO},,PENDING-SOURCE
peguis-1b,/areas/peguis-1b,Peguis,CSD,Interlake,region,peguis-1b-interlake-mb.webp,"Peguis, Interlake Manitoba — Manitoba's largest First Nation on the low-lying Fisher River plain","{SERVICE_CATEGORY} in Peguis, Manitoba — Peguis, Interlake Manitoba — Manitoba's largest First Nation on the low-lying Fisher River plain",{IMAGE_LICENSE_TODO},{IMAGE_ASSET_TODO},,PENDING-SOURCE
rockwood,/areas/rockwood,Rockwood,CSD,Interlake,region,rockwood-interlake-mb.webp,"RM of Rockwood, Interlake Manitoba — limestone-plain country around Stonewall with Oak Hammock Marsh","{SERVICE_CATEGORY} in Rockwood, Manitoba — RM of Rockwood, Interlake Manitoba — limestone-plain country around Stonewall with Oak Hammock Marsh",{IMAGE_LICENSE_TODO},{IMAGE_ASSET_TODO},,PENDING-SOURCE
rosser,/areas/rosser,Rosser,CSD,Interlake,region,rosser-interlake-mb.webp,"RM of Rosser, Interlake Manitoba — CentrePort-area farm and rural-residential country on Winnipeg's northwest edge","{SERVICE_CATEGORY} in Rosser, Manitoba — RM of Rosser, Interlake Manitoba — CentrePort-area farm and rural-residential country on Winnipeg's northwest edge",{IMAGE_LICENSE_TODO},{IMAGE_ASSET_TODO},,PENDING-SOURCE
selkirk,/areas/selkirk,Selkirk,CSD,Interlake,region,selkirk-interlake-mb.webp,"Selkirk, Interlake Manitoba — steel city on the Red River and southern gateway to the Interlake","{SERVICE_CATEGORY} in Selkirk, Manitoba — Selkirk, Interlake Manitoba — steel city on the Red River and southern gateway to the Interlake",{IMAGE_LICENSE_TODO},{IMAGE_ASSET_TODO},,PENDING-SOURCE
st-andrews,/areas/st-andrews,St. Andrews,CSD,Interlake,region,st-andrews-interlake-mb.webp,"RM of St. Andrews, Interlake Manitoba — River Road riverfront heritage corridor on the Red River north of Winnipeg","{SERVICE_CATEGORY} in St. Andrews, Manitoba — RM of St. Andrews, Interlake Manitoba — River Road riverfront heritage corridor on the Red River north of Winnipeg",{IMAGE_LICENSE_TODO},{IMAGE_ASSET_TODO},,PENDING-SOURCE
st-clements,/areas/st-clements,St. Clements,CSD,Interlake,region,st-clements-interlake-mb.webp,"RM of St. Clements, Interlake Manitoba — Red River east bank reaching to Grand Beach on Lake Winnipeg","{SERVICE_CATEGORY} in St. Clements, Manitoba — RM of St. Clements, Interlake Manitoba — Red River east bank reaching to Grand Beach on Lake Winnipeg",{IMAGE_LICENSE_TODO},{IMAGE_ASSET_TODO},,PENDING-SOURCE
st-laurent,/areas/st-laurent,St. Laurent,CSD,Interlake,region,st-laurent-interlake-mb.webp,"RM of St. Laurent, Interlake Manitoba — Métis fishing community on Lake Manitoba's low-lying east shore","{SERVICE_CATEGORY} in St. Laurent, Manitoba — RM of St. Laurent, Interlake Manitoba — Métis fishing community on Lake Manitoba's low-lying east shore",{IMAGE_LICENSE_TODO},{IMAGE_ASSET_TODO},,PENDING-SOURCE
stonewall,/areas/stonewall,Stonewall,CSD,Interlake,region,stonewall-interlake-mb.webp,"Stonewall, Interlake Manitoba — limestone quarry town on the southern Interlake plain north of Winnipeg","{SERVICE_CATEGORY} in Stonewall, Manitoba — Stonewall, Interlake Manitoba — limestone quarry town on the southern Interlake plain north of Winnipeg",{IMAGE_LICENSE_TODO},{IMAGE_ASSET_TODO},,PENDING-SOURCE
stony-mountain,/areas/stony-mountain,Stony Mountain,COMMUNITY,Interlake,region,stony-mountain-interlake-mb.webp,"Stony Mountain, Interlake Manitoba — limestone-rise commuter community on the plain north of Winnipeg","{SERVICE_CATEGORY} in Stony Mountain, Manitoba — Stony Mountain, Interlake Manitoba — limestone-rise commuter community on the plain north of Winnipeg",{IMAGE_LICENSE_TODO},{IMAGE_ASSET_TODO},,PENDING-SOURCE
teulon,/areas/teulon,Teulon,CSD,Interlake,region,teulon-interlake-mb.webp,"Teulon, Interlake Manitoba — north-Interlake service town on the limestone plain","{SERVICE_CATEGORY} in Teulon, Manitoba — Teulon, Interlake Manitoba — north-Interlake service town on the limestone plain",{IMAGE_LICENSE_TODO},{IMAGE_ASSET_TODO},,PENDING-SOURCE
warren,/areas/warren,Warren,COMMUNITY,Interlake,region,warren-interlake-mb.webp,"Warren, Interlake Manitoba — western-Interlake limestone-plain community in the RM of Woodlands","{SERVICE_CATEGORY} in Warren, Manitoba — Warren, Interlake Manitoba — western-Interlake limestone-plain community in the RM of Woodlands",{IMAGE_LICENSE_TODO},{IMAGE_ASSET_TODO},,PENDING-SOURCE
west-st-paul,/areas/west-st-paul,West St. Paul,CSD,Interlake,region,west-st-paul-interlake-mb.webp,"RM of West St. Paul, Interlake Manitoba — fast-growing commuter municipality on Winnipeg's north edge on the Red River","{SERVICE_CATEGORY} in West St. Paul, Manitoba — RM of West St. Paul, Interlake Manitoba — fast-growing commuter municipality on Winnipeg's north edge on the Red River",{IMAGE_LICENSE_TODO},{IMAGE_ASSET_TODO},,PENDING-SOURCE
winnipeg-beach,/areas/winnipeg-beach,Winnipeg Beach,CSD,Interlake,region,winnipeg-beach-interlake-mb.webp,"Winnipeg Beach, Interlake Manitoba — historic Lake Winnipeg west-shore resort town with its boardwalk","{SERVICE_CATEGORY} in Winnipeg Beach, Manitoba — Winnipeg Beach, Interlake Manitoba — historic Lake Winnipeg west-shore resort town with its boardwalk",{IMAGE_LICENSE_TODO},{IMAGE_ASSET_TODO},,PENDING-SOURCE
woodlands,/areas/woodlands,Woodlands,CSD,Interlake,region,woodlands-interlake-mb.webp,"RM of Woodlands, Interlake Manitoba — limestone-plain farm and acreage country at Warren west of Winnipeg","{SERVICE_CATEGORY} in Woodlands, Manitoba — RM of Woodlands, Interlake Manitoba — limestone-plain farm and acreage country at Warren west of Winnipeg",{IMAGE_LICENSE_TODO},{IMAGE_ASSET_TODO},,PENDING-SOURCE
flin-flon-part,/areas/flin-flon-part,Flin Flon,CSD,Northern Manitoba,region,flin-flon-part-northern-manitoba-mb.webp,"Flin Flon, Northern Manitoba — mining city built on bare Canadian Shield granite at the Saskatchewan border","{SERVICE_CATEGORY} in Flin Flon, Manitoba — Flin Flon, Northern Manitoba — mining city built on bare Canadian Shield granite at the Saskatchewan border",{IMAGE_LICENSE_TODO},{IMAGE_ASSET_TODO},,PENDING-SOURCE
norway-house,/areas/norway-house,Norway House,COMMUNITY,Northern Manitoba,region,norway-house-northern-manitoba-mb.webp,"Norway House, Northern Manitoba — historic Cree community where Lake Winnipeg drains into the Nelson River","{SERVICE_CATEGORY} in Norway House, Manitoba — Norway House, Northern Manitoba — historic Cree community where Lake Winnipeg drains into the Nelson River",{IMAGE_LICENSE_TODO},{IMAGE_ASSET_TODO},,PENDING-SOURCE
the-pas,/areas/the-pas,The Pas,CSD,Northern Manitoba,region,the-pas-northern-manitoba-mb.webp,"The Pas, Northern Manitoba — rail-and-river gateway town on the Saskatchewan River in the boreal lowlands","{SERVICE_CATEGORY} in The Pas, Manitoba — The Pas, Northern Manitoba — rail-and-river gateway town on the Saskatchewan River in the boreal lowlands",{IMAGE_LICENSE_TODO},{IMAGE_ASSET_TODO},,PENDING-SOURCE
thompson,/areas/thompson,Thompson,CSD,Northern Manitoba,region,thompson-northern-manitoba-mb.webp,"Thompson, Northern Manitoba — nickel-mining city on the Burntwood River in the boreal Canadian Shield","{SERVICE_CATEGORY} in Thompson, Manitoba — Thompson, Northern Manitoba — nickel-mining city on the Burntwood River in the boreal Canadian Shield",{IMAGE_LICENSE_TODO},{IMAGE_ASSET_TODO},,PENDING-SOURCE
alonsa,/areas/alonsa,Alonsa,CSD,Parkland,region,alonsa-parkland-mb.webp,"RM of Alonsa, Parkland Manitoba — ranch and lakeshore country along Lake Manitoba's west shore","{SERVICE_CATEGORY} in Alonsa, Manitoba — RM of Alonsa, Parkland Manitoba — ranch and lakeshore country along Lake Manitoba's west shore",{IMAGE_LICENSE_TODO},{IMAGE_ASSET_TODO},,PENDING-SOURCE
dauphin,/areas/dauphin,Dauphin,CSD,Parkland,region,dauphin-parkland-mb.webp,"Dauphin, Parkland Manitoba — valley city on the Vermillion River between Riding Mountain and Duck Mountain","{SERVICE_CATEGORY} in Dauphin, Manitoba — Dauphin, Parkland Manitoba — valley city on the Vermillion River between Riding Mountain and Duck Mountain",{IMAGE_LICENSE_TODO},{IMAGE_ASSET_TODO},,PENDING-SOURCE
dauphin-rm,/areas/dauphin-rm,Dauphin,CSD,Parkland,region,dauphin-rm-parkland-mb.webp,"Rural Municipality of Dauphin, Parkland Manitoba — farmland ring between Riding Mountain's north side and Dauphin Lake","{SERVICE_CATEGORY} in Dauphin, Manitoba — Rural Municipality of Dauphin, Parkland Manitoba — farmland ring between Riding Mountain's north side and Dauphin Lake",{IMAGE_LICENSE_TODO},{IMAGE_ASSET_TODO},,PENDING-SOURCE
gilbert-plains,/areas/gilbert-plains,Gilbert Plains,CSD,Parkland,region,gilbert-plains-parkland-mb.webp,"RM of Gilbert Plains, Parkland Manitoba — Valley River grain country at the foot of the Duck Mountains","{SERVICE_CATEGORY} in Gilbert Plains, Manitoba — RM of Gilbert Plains, Parkland Manitoba — Valley River grain country at the foot of the Duck Mountains",{IMAGE_LICENSE_TODO},{IMAGE_ASSET_TODO},,PENDING-SOURCE
grandview,/areas/grandview,Grandview,CSD,Parkland,region,grandview-parkland-mb.webp,"RM of Grandview, Parkland Manitoba — Valley River grain country along the Duck Mountain foothills","{SERVICE_CATEGORY} in Grandview, Manitoba — RM of Grandview, Parkland Manitoba — Valley River grain country along the Duck Mountain foothills",{IMAGE_LICENSE_TODO},{IMAGE_ASSET_TODO},,PENDING-SOURCE
mccreary,/areas/mccreary,McCreary,CSD,Parkland,region,mccreary-parkland-mb.webp,"RM of McCreary, Parkland Manitoba — farmland at the northern foot of the Riding Mountain escarpment","{SERVICE_CATEGORY} in McCreary, Manitoba — RM of McCreary, Parkland Manitoba — farmland at the northern foot of the Riding Mountain escarpment",{IMAGE_LICENSE_TODO},{IMAGE_ASSET_TODO},,PENDING-SOURCE
mossey-river,/areas/mossey-river,Mossey River,CSD,Parkland,region,mossey-river-parkland-mb.webp,"RM of Mossey River, Parkland Manitoba — Winnipegosis fishing town on the east shore of Lake Winnipegosis","{SERVICE_CATEGORY} in Mossey River, Manitoba — RM of Mossey River, Parkland Manitoba — Winnipegosis fishing town on the east shore of Lake Winnipegosis",{IMAGE_LICENSE_TODO},{IMAGE_ASSET_TODO},,PENDING-SOURCE
rossburn,/areas/rossburn,Rossburn,CSD,Parkland,region,rossburn-parkland-mb.webp,"RM of Rossburn, Parkland Manitoba — farm and recreation country by the Asessippi valley and Lake of the Prairies","{SERVICE_CATEGORY} in Rossburn, Manitoba — RM of Rossburn, Parkland Manitoba — farm and recreation country by the Asessippi valley and Lake of the Prairies",{IMAGE_LICENSE_TODO},{IMAGE_ASSET_TODO},,PENDING-SOURCE
ste-rose,/areas/ste-rose,Ste. Rose,CSD,Parkland,region,ste-rose-parkland-mb.webp,"Ste. Rose, Parkland Manitoba — Turtle River cattle country between the escarpment and Lake Manitoba","{SERVICE_CATEGORY} in Ste. Rose, Manitoba — Ste. Rose, Parkland Manitoba — Turtle River cattle country between the escarpment and Lake Manitoba",{IMAGE_LICENSE_TODO},{IMAGE_ASSET_TODO},,PENDING-SOURCE
swan-river,/areas/swan-river,Swan River,CSD,Parkland,region,swan-river-parkland-mb.webp,"Swan River, Parkland Manitoba — valley farm town between the Duck and Porcupine mountains","{SERVICE_CATEGORY} in Swan River, Manitoba — Swan River, Parkland Manitoba — valley farm town between the Duck and Porcupine mountains",{IMAGE_LICENSE_TODO},{IMAGE_ASSET_TODO},,PENDING-SOURCE
altona,/areas/altona,Altona,CSD,Pembina Valley,region,altona-pembina-valley-mb.webp,"Altona, Pembina Valley Manitoba — sunflower-capital town on the deep Red River Valley floor","{SERVICE_CATEGORY} in Altona, Manitoba — Altona, Pembina Valley Manitoba — sunflower-capital town on the deep Red River Valley floor",{IMAGE_LICENSE_TODO},{IMAGE_ASSET_TODO},,PENDING-SOURCE
argyle,/areas/argyle,Argyle,CSD,Pembina Valley,region,argyle-pembina-valley-mb.webp,"RM of Argyle, Pembina Valley Manitoba — southwestern hill-country farm land at Baldur and Belmont","{SERVICE_CATEGORY} in Argyle, Manitoba — RM of Argyle, Pembina Valley Manitoba — southwestern hill-country farm land at Baldur and Belmont",{IMAGE_LICENSE_TODO},{IMAGE_ASSET_TODO},,PENDING-SOURCE
carman,/areas/carman,Carman,CSD,Pembina Valley,region,carman-pembina-valley-mb.webp,"Carman, Pembina Valley Manitoba — Boyne River agricultural town in the valley's north","{SERVICE_CATEGORY} in Carman, Manitoba — Carman, Pembina Valley Manitoba — Boyne River agricultural town in the valley's north",{IMAGE_LICENSE_TODO},{IMAGE_ASSET_TODO},,PENDING-SOURCE
dufferin,/areas/dufferin,Dufferin,CSD,Pembina Valley,region,dufferin-pembina-valley-mb.webp,"RM of Dufferin, Pembina Valley Manitoba — Boyne River seed-and-grain farm country around Carman","{SERVICE_CATEGORY} in Dufferin, Manitoba — RM of Dufferin, Pembina Valley Manitoba — Boyne River seed-and-grain farm country around Carman",{IMAGE_LICENSE_TODO},{IMAGE_ASSET_TODO},,PENDING-SOURCE
lorne,/areas/lorne,Lorne,CSD,Pembina Valley,region,lorne-pembina-valley-mb.webp,"RM of Lorne, Pembina Valley Manitoba — Pembina Hills escarpment farm country at Manitou and Somerset","{SERVICE_CATEGORY} in Lorne, Manitoba — RM of Lorne, Pembina Valley Manitoba — Pembina Hills escarpment farm country at Manitou and Somerset",{IMAGE_LICENSE_TODO},{IMAGE_ASSET_TODO},,PENDING-SOURCE
louise,/areas/louise,Louise,CSD,Pembina Valley,region,louise-pembina-valley-mb.webp,"RM of Louise, Pembina Valley Manitoba — Pembina Hills farm country at Crystal City and Pilot Mound near the border","{SERVICE_CATEGORY} in Louise, Manitoba — RM of Louise, Pembina Valley Manitoba — Pembina Hills farm country at Crystal City and Pilot Mound near the border",{IMAGE_LICENSE_TODO},{IMAGE_ASSET_TODO},,PENDING-SOURCE
montcalm,/areas/montcalm,Montcalm,CSD,Pembina Valley,region,montcalm-pembina-valley-mb.webp,"RM of Montcalm, Pembina Valley Manitoba — francophone ring-diked flood-plain country at St. Jean Baptiste","{SERVICE_CATEGORY} in Montcalm, Manitoba — RM of Montcalm, Pembina Valley Manitoba — francophone ring-diked flood-plain country at St. Jean Baptiste",{IMAGE_LICENSE_TODO},{IMAGE_ASSET_TODO},,PENDING-SOURCE
morden,/areas/morden,Morden,CSD,Pembina Valley,region,morden-pembina-valley-mb.webp,"Morden, Pembina Valley Manitoba — fast-growing town at the toe of the Manitou Escarpment by Lake Minnewasta","{SERVICE_CATEGORY} in Morden, Manitoba — Morden, Pembina Valley Manitoba — fast-growing town at the toe of the Manitou Escarpment by Lake Minnewasta",{IMAGE_LICENSE_TODO},{IMAGE_ASSET_TODO},,PENDING-SOURCE
morris,/areas/morris,Morris,CSD,Pembina Valley,region,morris-pembina-valley-mb.webp,"Morris, Pembina Valley Manitoba — ring-diked Highway 75 town at the Morris and Red river junction","{SERVICE_CATEGORY} in Morris, Manitoba — Morris, Pembina Valley Manitoba — ring-diked Highway 75 town at the Morris and Red river junction",{IMAGE_LICENSE_TODO},{IMAGE_ASSET_TODO},,PENDING-SOURCE
morris-rm,/areas/morris-rm,Morris,CSD,Pembina Valley,region,morris-rm-pembina-valley-mb.webp,"RM of Morris, Pembina Valley Manitoba — Red River Valley flood-plain farm country around the Stampede town","{SERVICE_CATEGORY} in Morris, Manitoba — RM of Morris, Pembina Valley Manitoba — Red River Valley flood-plain farm country around the Stampede town",{IMAGE_LICENSE_TODO},{IMAGE_ASSET_TODO},,PENDING-SOURCE
pembina,/areas/pembina,Pembina,CSD,Pembina Valley,region,pembina-pembina-valley-mb.webp,"RM of Pembina, Pembina Valley Manitoba — Pembina gorge and escarpment country at La Rivière","{SERVICE_CATEGORY} in Pembina, Manitoba — RM of Pembina, Pembina Valley Manitoba — Pembina gorge and escarpment country at La Rivière",{IMAGE_LICENSE_TODO},{IMAGE_ASSET_TODO},,PENDING-SOURCE
rhineland,/areas/rhineland,Rhineland,CSD,Pembina Valley,region,rhineland-pembina-valley-mb.webp,"RM of Rhineland, Pembina Valley Manitoba — Mennonite West Reserve sunflower country around Altona and Neubergthal","{SERVICE_CATEGORY} in Rhineland, Manitoba — RM of Rhineland, Pembina Valley Manitoba — Mennonite West Reserve sunflower country around Altona and Neubergthal",{IMAGE_LICENSE_TODO},{IMAGE_ASSET_TODO},,PENDING-SOURCE
roland,/areas/roland,Roland,CSD,Pembina Valley,region,roland-pembina-valley-mb.webp,"RM of Roland, Pembina Valley Manitoba — central Red River Valley grain-farm country at the Pumpkin Capital","{SERVICE_CATEGORY} in Roland, Manitoba — RM of Roland, Pembina Valley Manitoba — central Red River Valley grain-farm country at the Pumpkin Capital",{IMAGE_LICENSE_TODO},{IMAGE_ASSET_TODO},,PENDING-SOURCE
stanley,/areas/stanley,Stanley,CSD,Pembina Valley,region,stanley-pembina-valley-mb.webp,"RM of Stanley, Pembina Valley Manitoba — Mennonite West Reserve farm belt surrounding Winkler and Morden","{SERVICE_CATEGORY} in Stanley, Manitoba — RM of Stanley, Pembina Valley Manitoba — Mennonite West Reserve farm belt surrounding Winkler and Morden",{IMAGE_LICENSE_TODO},{IMAGE_ASSET_TODO},,PENDING-SOURCE
thompson-rm,/areas/thompson-rm,Thompson,CSD,Pembina Valley,region,thompson-rm-pembina-valley-mb.webp,"RM of Thompson, Pembina Valley Manitoba — escarpment-toe farm country at Miami where the valley meets the rising land","{SERVICE_CATEGORY} in Thompson, Manitoba — RM of Thompson, Pembina Valley Manitoba — escarpment-toe farm country at Miami where the valley meets the rising land",{IMAGE_LICENSE_TODO},{IMAGE_ASSET_TODO},,PENDING-SOURCE
winkler,/areas/winkler,Winkler,CSD,Pembina Valley,region,winkler-pembina-valley-mb.webp,"Winkler, Pembina Valley Manitoba — fast-growing manufacturing city near the Manitou Escarpment","{SERVICE_CATEGORY} in Winkler, Manitoba — Winkler, Pembina Valley Manitoba — fast-growing manufacturing city near the Manitou Escarpment",{IMAGE_LICENSE_TODO},{IMAGE_ASSET_TODO},,PENDING-SOURCE
brandon,/areas/brandon,Brandon,CSD,Westman,region,brandon-westman-mb.webp,"Brandon, Westman Manitoba — Assiniboine River valley below the prairie benches","{SERVICE_CATEGORY} in Brandon, Manitoba — Brandon, Westman Manitoba — Assiniboine River valley below the prairie benches",{IMAGE_LICENSE_TODO},{IMAGE_ASSET_TODO},,PENDING-SOURCE
carberry,/areas/carberry,Carberry,CSD,Westman,region,carberry-westman-mb.webp,"Carberry, Westman Manitoba — potato-country town by the Carberry sandhills and Spruce Woods","{SERVICE_CATEGORY} in Carberry, Manitoba — Carberry, Westman Manitoba — potato-country town by the Carberry sandhills and Spruce Woods",{IMAGE_LICENSE_TODO},{IMAGE_ASSET_TODO},,PENDING-SOURCE
cornwallis,/areas/cornwallis,Cornwallis,CSD,Westman,region,cornwallis-westman-mb.webp,"Cornwallis, Westman Manitoba — Brandon Hills rising over farmland south of the city","{SERVICE_CATEGORY} in Cornwallis, Manitoba — Cornwallis, Westman Manitoba — Brandon Hills rising over farmland south of the city",{IMAGE_LICENSE_TODO},{IMAGE_ASSET_TODO},,PENDING-SOURCE
elton,/areas/elton,Elton,CSD,Westman,region,elton-westman-mb.webp,"RM of Elton, Westman Manitoba — farmland northeast of Brandon around Forrest","{SERVICE_CATEGORY} in Elton, Manitoba — RM of Elton, Westman Manitoba — farmland northeast of Brandon around Forrest",{IMAGE_LICENSE_TODO},{IMAGE_ASSET_TODO},,PENDING-SOURCE
hamiota,/areas/hamiota,Hamiota,CSD,Westman,region,hamiota-westman-mb.webp,"Hamiota, Westman Manitoba — grain-country town and farm municipality northwest of Brandon","{SERVICE_CATEGORY} in Hamiota, Manitoba — Hamiota, Westman Manitoba — grain-country town and farm municipality northwest of Brandon",{IMAGE_LICENSE_TODO},{IMAGE_ASSET_TODO},,PENDING-SOURCE
killarney-turtle-mountain,/areas/killarney-turtle-mountain,Killarney - Turtle Mountain,CSD,Westman,region,killarney-turtle-mountain-westman-mb.webp,"Killarney - Turtle Mountain, Westman Manitoba — lake-in-town community below the Turtle Mountain plateau","{SERVICE_CATEGORY} in Killarney - Turtle Mountain, Manitoba — Killarney - Turtle Mountain, Westman Manitoba — lake-in-town community below the Turtle Mountain plateau",{IMAGE_LICENSE_TODO},{IMAGE_ASSET_TODO},,PENDING-SOURCE
melita,/areas/melita,Melita,CSD,Westman,region,melita-westman-mb.webp,"Melita, Westman Manitoba — Souris River town in the far southwestern 'banana belt' corner","{SERVICE_CATEGORY} in Melita, Manitoba — Melita, Westman Manitoba — Souris River town in the far southwestern 'banana belt' corner",{IMAGE_LICENSE_TODO},{IMAGE_ASSET_TODO},,PENDING-SOURCE
minnedosa,/areas/minnedosa,Minnedosa,CSD,Westman,region,minnedosa-westman-mb.webp,"Minnedosa, Westman Manitoba — town terraced into the Little Saskatchewan River valley around Minnedosa Lake","{SERVICE_CATEGORY} in Minnedosa, Manitoba — Minnedosa, Westman Manitoba — town terraced into the Little Saskatchewan River valley around Minnedosa Lake",{IMAGE_LICENSE_TODO},{IMAGE_ASSET_TODO},,PENDING-SOURCE
neepawa,/areas/neepawa,Neepawa,CSD,Westman,region,neepawa-westman-mb.webp,"Neepawa, Westman Manitoba — lily-growing town where Highway 16 meets Highway 5","{SERVICE_CATEGORY} in Neepawa, Manitoba — Neepawa, Westman Manitoba — lily-growing town where Highway 16 meets Highway 5",{IMAGE_LICENSE_TODO},{IMAGE_ASSET_TODO},,PENDING-SOURCE
oakview,/areas/oakview,Oakview,CSD,Westman,region,oakview-westman-mb.webp,"Oakview, Westman Manitoba — Rapid City and Oak River farmland in the Little Saskatchewan valley","{SERVICE_CATEGORY} in Oakview, Manitoba — Oakview, Westman Manitoba — Rapid City and Oak River farmland in the Little Saskatchewan valley",{IMAGE_LICENSE_TODO},{IMAGE_ASSET_TODO},,PENDING-SOURCE
pipestone,/areas/pipestone,Pipestone,CSD,Westman,region,pipestone-westman-mb.webp,"RM of Pipestone, Westman Manitoba — oil-and-farm country around Reston in the far southwest","{SERVICE_CATEGORY} in Pipestone, Manitoba — RM of Pipestone, Westman Manitoba — oil-and-farm country around Reston in the far southwest",{IMAGE_LICENSE_TODO},{IMAGE_ASSET_TODO},,PENDING-SOURCE
riverdale,/areas/riverdale,Riverdale,CSD,Westman,region,riverdale-westman-mb.webp,"Riverdale, Westman Manitoba — town of Rivers and Lake Wahtopanah on the Little Saskatchewan River","{SERVICE_CATEGORY} in Riverdale, Manitoba — Riverdale, Westman Manitoba — town of Rivers and Lake Wahtopanah on the Little Saskatchewan River",{IMAGE_LICENSE_TODO},{IMAGE_ASSET_TODO},,PENDING-SOURCE
rosedale,/areas/rosedale,Rosedale,CSD,Westman,region,rosedale-westman-mb.webp,"RM of Rosedale, Westman Manitoba — farmland wrapping around Neepawa near Franklin","{SERVICE_CATEGORY} in Rosedale, Manitoba — RM of Rosedale, Westman Manitoba — farmland wrapping around Neepawa near Franklin",{IMAGE_LICENSE_TODO},{IMAGE_ASSET_TODO},,PENDING-SOURCE
shilo,/areas/shilo,Shilo,COMMUNITY,Westman,region,shilo-westman-mb.webp,"Shilo, Westman Manitoba — CFB Shilo base community on sandy ground by the Spruce Woods sandhills","{SERVICE_CATEGORY} in Shilo, Manitoba — Shilo, Westman Manitoba — CFB Shilo base community on sandy ground by the Spruce Woods sandhills",{IMAGE_LICENSE_TODO},{IMAGE_ASSET_TODO},,PENDING-SOURCE
sifton,/areas/sifton,Sifton,CSD,Westman,region,sifton-westman-mb.webp,"RM of Sifton, Westman Manitoba — sandy farmland around Oak Lake west of Brandon","{SERVICE_CATEGORY} in Sifton, Manitoba — RM of Sifton, Westman Manitoba — sandy farmland around Oak Lake west of Brandon",{IMAGE_LICENSE_TODO},{IMAGE_ASSET_TODO},,PENDING-SOURCE
sioux-valley-dakota-nation,/areas/sioux-valley-dakota-nation,Sioux Valley Dakota Nation,COMMUNITY,Westman,region,sioux-valley-dakota-nation-westman-mb.webp,"Sioux Valley Dakota Nation, Westman Manitoba — Dakota community on the Assiniboine River west of Brandon","{SERVICE_CATEGORY} in Sioux Valley Dakota Nation, Manitoba — Sioux Valley Dakota Nation, Westman Manitoba — Dakota community on the Assiniboine River west of Brandon",{IMAGE_LICENSE_TODO},{IMAGE_ASSET_TODO},,PENDING-SOURCE
virden,/areas/virden,Virden,CSD,Westman,region,virden-westman-mb.webp,"Virden, Westman Manitoba — oil-capital Trans-Canada town on the sandy till of the southwest","{SERVICE_CATEGORY} in Virden, Manitoba — Virden, Westman Manitoba — oil-capital Trans-Canada town on the sandy till of the southwest",{IMAGE_LICENSE_TODO},{IMAGE_ASSET_TODO},,PENDING-SOURCE
whitehead,/areas/whitehead,Whitehead,CSD,Westman,region,whitehead-westman-mb.webp,"RM of Whitehead, Westman Manitoba — farmland just west of Brandon around Alexander","{SERVICE_CATEGORY} in Whitehead, Manitoba — RM of Whitehead, Westman Manitoba — farmland just west of Brandon around Alexander",{IMAGE_LICENSE_TODO},{IMAGE_ASSET_TODO},,PENDING-SOURCE
deer-lodge,/areas/winnipeg/deer-lodge,Deer Lodge,NEIGHBORHOOD,Winnipeg Metro,region,deer-lodge-winnipeg-metro-mb.webp,"Deer Lodge, Winnipeg Manitoba — established St. James streets by the Deer Lodge Centre on Portage Avenue","{SERVICE_CATEGORY} in Deer Lodge, Manitoba — Deer Lodge, Winnipeg Manitoba — established St. James streets by the Deer Lodge Centre on Portage Avenue",{IMAGE_LICENSE_TODO},{IMAGE_ASSET_TODO},,PENDING-SOURCE
downtown-winnipeg,/areas/winnipeg/downtown-winnipeg,Downtown Winnipeg,NEIGHBORHOOD,Winnipeg Metro,region,downtown-winnipeg-winnipeg-metro-mb.webp,"Downtown Winnipeg, Winnipeg Metro Manitoba — Portage and Main with the Exchange District warehouse blocks beyond","{SERVICE_CATEGORY} in Downtown Winnipeg, Manitoba — Downtown Winnipeg, Winnipeg Metro Manitoba — Portage and Main with the Exchange District warehouse blocks beyond",{IMAGE_LICENSE_TODO},{IMAGE_ASSET_TODO},,PENDING-SOURCE
fort-richmond,/areas/winnipeg/fort-richmond,Fort Richmond,NEIGHBORHOOD,Winnipeg Metro,region,fort-richmond-winnipeg-metro-mb.webp,"Fort Richmond, Winnipeg Manitoba — 1960s–70s suburban streets beside the University of Manitoba on Pembina Highway","{SERVICE_CATEGORY} in Fort Richmond, Manitoba — Fort Richmond, Winnipeg Manitoba — 1960s–70s suburban streets beside the University of Manitoba on Pembina Highway",{IMAGE_LICENSE_TODO},{IMAGE_ASSET_TODO},,PENDING-SOURCE
headingley,/areas/headingley,Headingley,CSD,Winnipeg Metro,region,headingley-winnipeg-metro-mb.webp,"Headingley, Winnipeg Metro Manitoba — Assiniboine River acreage country split by the Trans-Canada Highway","{SERVICE_CATEGORY} in Headingley, Manitoba — Headingley, Winnipeg Metro Manitoba — Assiniboine River acreage country split by the Trans-Canada Highway",{IMAGE_LICENSE_TODO},{IMAGE_ASSET_TODO},,PENDING-SOURCE
island-lakes,/areas/winnipeg/island-lakes,Island Lakes,NEIGHBORHOOD,Winnipeg Metro,region,island-lakes-winnipeg-metro-mb.webp,"Island Lakes, Winnipeg Manitoba — southeast community built around man-made lakes and canals","{SERVICE_CATEGORY} in Island Lakes, Manitoba — Island Lakes, Winnipeg Manitoba — southeast community built around man-made lakes and canals",{IMAGE_LICENSE_TODO},{IMAGE_ASSET_TODO},Q14875040,PENDING-SOURCE
osborne-village,/areas/winnipeg/osborne-village,Osborne Village,NEIGHBORHOOD,Winnipeg Metro,region,osborne-village-winnipeg-metro-mb.webp,"Osborne Village, Winnipeg Manitoba — the city's densest neighbourhood of heritage walk-ups south of the Assiniboine","{SERVICE_CATEGORY} in Osborne Village, Manitoba — Osborne Village, Winnipeg Manitoba — the city's densest neighbourhood of heritage walk-ups south of the Assiniboine",{IMAGE_LICENSE_TODO},{IMAGE_ASSET_TODO},Q652258,PENDING-SOURCE
richmond-west,/areas/winnipeg/richmond-west,Richmond West,NEIGHBORHOOD,Winnipeg Metro,region,richmond-west-winnipeg-metro-mb.webp,"Richmond West, Winnipeg Manitoba — newer south-end family suburb west of Waverley near the University of Manitoba","{SERVICE_CATEGORY} in Richmond West, Manitoba — Richmond West, Winnipeg Manitoba — newer south-end family suburb west of Waverley near the University of Manitoba",{IMAGE_LICENSE_TODO},{IMAGE_ASSET_TODO},Q48817824,PENDING-SOURCE
silver-heights,/areas/winnipeg/silver-heights,Silver Heights,NEIGHBORHOOD,Winnipeg Metro,region,silver-heights-winnipeg-metro-mb.webp,"Silver Heights, Winnipeg Manitoba — 1950s postwar St. James streets along Portage Avenue","{SERVICE_CATEGORY} in Silver Heights, Manitoba — Silver Heights, Winnipeg Manitoba — 1950s postwar St. James streets along Portage Avenue",{IMAGE_LICENSE_TODO},{IMAGE_ASSET_TODO},,PENDING-SOURCE
st-boniface,/areas/winnipeg/st-boniface,St. Boniface,NEIGHBORHOOD,Winnipeg Metro,region,st-boniface-winnipeg-metro-mb.webp,"St. Boniface, Winnipeg Metro Manitoba — cathedral façade district on the Red River's east bank","{SERVICE_CATEGORY} in St. Boniface, Manitoba — St. Boniface, Winnipeg Metro Manitoba — cathedral façade district on the Red River's east bank",{IMAGE_LICENSE_TODO},{IMAGE_ASSET_TODO},,PENDING-SOURCE
st-norbert,/areas/winnipeg/st-norbert,St. Norbert,NEIGHBORHOOD,Winnipeg Metro,region,st-norbert-winnipeg-metro-mb.webp,"St. Norbert, Winnipeg Manitoba — historic francophone district at the La Salle and Red river confluence","{SERVICE_CATEGORY} in St. Norbert, Manitoba — St. Norbert, Winnipeg Manitoba — historic francophone district at the La Salle and Red river confluence",{IMAGE_LICENSE_TODO},{IMAGE_ASSET_TODO},Q3463066,PENDING-SOURCE
transcona,/areas/winnipeg/transcona,Transcona,NEIGHBORHOOD,Winnipeg Metro,region,transcona-winnipeg-metro-mb.webp,"Transcona, Winnipeg Manitoba — historic railway-shops district with its own main street in the east end","{SERVICE_CATEGORY} in Transcona, Manitoba — Transcona, Winnipeg Manitoba — historic railway-shops district with its own main street in the east end",{IMAGE_LICENSE_TODO},{IMAGE_ASSET_TODO},Q3537412,PENDING-SOURCE
tuxedo,/areas/winnipeg/tuxedo,Tuxedo,NEIGHBORHOOD,Winnipeg Metro,region,tuxedo-winnipeg-metro-mb.webp,"Tuxedo, Winnipeg Manitoba — affluent garden-suburb estate lots beside Assiniboine Park","{SERVICE_CATEGORY} in Tuxedo, Manitoba — Tuxedo, Winnipeg Manitoba — affluent garden-suburb estate lots beside Assiniboine Park",{IMAGE_LICENSE_TODO},{IMAGE_ASSET_TODO},Q7857175,PENDING-SOURCE
waverley-heights,/areas/winnipeg/waverley-heights,Waverley Heights,NEIGHBORHOOD,Winnipeg Metro,region,waverley-heights-winnipeg-metro-mb.webp,"Waverley Heights, Winnipeg Manitoba — 1970s south-end family streets near the University of Manitoba","{SERVICE_CATEGORY} in Waverley Heights, Manitoba — Waverley Heights, Winnipeg Manitoba — 1970s south-end family streets near the University of Manitoba",{IMAGE_LICENSE_TODO},{IMAGE_ASSET_TODO},,PENDING-SOURCE
west-kildonan,/areas/winnipeg/west-kildonan,West Kildonan,NEIGHBORHOOD,Winnipeg Metro,region,west-kildonan-winnipeg-metro-mb.webp,"West Kildonan, Winnipeg Manitoba — postwar residential streets on the Red River's west bank in the north end","{SERVICE_CATEGORY} in West Kildonan, Manitoba — West Kildonan, Winnipeg Manitoba — postwar residential streets on the Red River's west bank in the north end",{IMAGE_LICENSE_TODO},{IMAGE_ASSET_TODO},Q7985621,PENDING-SOURCE
wildwood,/areas/winnipeg/wildwood,Wildwood,NEIGHBORHOOD,Winnipeg Metro,region,wildwood-winnipeg-metro-mb.webp,"Wildwood Park, Winnipeg Manitoba — riverside enclave of homes facing green walkways on the Red River","{SERVICE_CATEGORY} in Wildwood, Manitoba — Wildwood Park, Winnipeg Manitoba — riverside enclave of homes facing green walkways on the Red River",{IMAGE_LICENSE_TODO},{IMAGE_ASSET_TODO},Q8001550,PENDING-SOURCE
winnipeg,/areas/winnipeg,Winnipeg,CSD,Winnipeg Metro,region,winnipeg-winnipeg-metro-mb.webp,"Winnipeg, Winnipeg Metro Manitoba — the Red and Assiniboine rivers meeting at The Forks","{SERVICE_CATEGORY} in Winnipeg, Manitoba — Winnipeg, Winnipeg Metro Manitoba — the Red and Assiniboine rivers meeting at The Forks",{IMAGE_LICENSE_TODO},{IMAGE_ASSET_TODO},,PENDING-SOURCE
